{"cameraMode":{"drawMode":0,"name":"Shaded","section":"Shading Mode"},"sceneLighting":false,"audioPlay":false,"sceneViewState":{"m_AlwaysRefresh":false,"showFog":true,"showSkybox":false,"showFlares":true,"showImageEffects":true,"showParticleSystems":true,"showVisualEffectGraphs":true,"m_FxEnabled":true},"in2DMode":false,"pivot":{"x":0.5530446171760559,"y":1.1197850704193116,"z":0.06432698667049408},"rotation":{"x":0.2975378930568695,"y":-0.3586947023868561,"z":0.12178470194339752,"w":0.8763443827629089},"size":0.3511880040168762,"orthographic":false}