{"cameraMode":{"drawMode":0,"name":"Shaded","section":"Shading Mode"},"sceneLighting":false,"audioPlay":false,"sceneViewState":{"m_AlwaysRefresh":false,"showFog":true,"showSkybox":false,"showFlares":true,"showImageEffects":true,"showParticleSystems":true,"showVisualEffectGraphs":true,"m_FxEnabled":true},"in2DMode":false,"pivot":{"x":1.3490217924118043,"y":1.7890233993530274,"z":0.2452109158039093},"rotation":{"x":0.02342916466295719,"y":-0.9508306384086609,"z":0.07431530952453613,"w":0.29975998401641848},"size":2.1815216541290285,"orthographic":true}