{"cameraMode":{"drawMode":0,"name":"Shaded","section":"Shading Mode"},"sceneLighting":false,"audioPlay":false,"sceneViewState":{"m_AlwaysRefresh":false,"showFog":true,"showSkybox":false,"showFlares":true,"showImageEffects":true,"showParticleSystems":true,"showVisualEffectGraphs":true,"m_FxEnabled":true},"in2DMode":false,"pivot":{"x":-1.2589690685272217,"y":-0.6731767654418945,"z":-1.7374942302703858},"rotation":{"x":-0.07838621735572815,"y":0.9153922200202942,"z":-0.32928696274757388,"w":-0.21790781617164613},"size":4.0373077392578129,"orthographic":false}